{"class_name": "Functional", "config": {"name": "functional_1", "layers": [{"class_name": "InputLayer", "config": {"batch_input_shape": [null, 1290], "dtype": "float32", "sparse": false, "ragged": false, "name": "input"}, "name": "input", "inbound_nodes": []}, {"class_name": "Dropout", "config": {"name": "dropout", "trainable": true, "dtype": "float32", "rate": 0.08, "noise_shape": null, "seed": null}, "name": "dropout", "inbound_nodes": [[["input", 0, 0, {}]]]}, {"class_name": "Dense", "config": {"name": "encoded", "trainable": true, "dtype": "float32", "units": 16, "activation": "sigmoid", "use_bias": true, "kernel_initializer": {"class_name": "GlorotUniform", "config": {"seed": null}}, "bias_initializer": {"class_name": "Zeros", "config": {}}, "kernel_regularizer": null, "bias_regularizer": null, "activity_regularizer": null, "kernel_constraint": null, "bias_constraint": null}, "name": "encoded", "inbound_nodes": [[["dropout", 0, 0, {}]]]}, {"class_name": "Dense", "config": {"name": "decoded", "trainable": true, "dtype": "float32", "units": 1290, "activation": "softmax", "use_bias": true, "kernel_initializer": {"class_name": "GlorotUniform", "config": {"seed": null}}, "bias_initializer": {"class_name": "Zeros", "config": {}}, "kernel_regularizer": null, "bias_regularizer": null, "activity_regularizer": null, "kernel_constraint": null, "bias_constraint": null}, "name": "decoded", "inbound_nodes": [[["encoded", 0, 0, {}]]]}], "input_layers": [["input", 0, 0]], "output_layers": [["decoded", 0, 0]]}, "keras_version": "2.4.0", "backend": "tensorflow"}