{"class_name": "Functional", "config": {"name": "autoencoder", "layers": [{"class_name": "InputLayer", "config": {"batch_input_shape": [null, 1290], "dtype": "float32", "sparse": false, "ragged": false, "name": "normalized_signal"}, "name": "normalized_signal", "inbound_nodes": []}, {"class_name": "Dropout", "config": {"name": "dropout", "trainable": true, "dtype": "float32", "rate": 0.28, "noise_shape": null, "seed": null}, "name": "dropout", "inbound_nodes": [[["normalized_signal", 0, 0, {}]]]}, {"class_name": "Dense", "config": {"name": "dense_enc_1", "trainable": true, "dtype": "float32", "units": 256, "activation": "sigmoid", "use_bias": true, "kernel_initializer": {"class_name": "GlorotUniform", "config": {"seed": null}}, "bias_initializer": {"class_name": "Zeros", "config": {}}, "kernel_regularizer": null, "bias_regularizer": null, "activity_regularizer": null, "kernel_constraint": null, "bias_constraint": null}, "name": "dense_enc_1", "inbound_nodes": [[["dropout", 0, 0, {}]]]}, {"class_name": "Dense", "config": {"name": "encoded_signal", "trainable": true, "dtype": "float32", "units": 16, "activation": "sigmoid", "use_bias": true, "kernel_initializer": {"class_name": "GlorotUniform", "config": {"seed": null}}, "bias_initializer": {"class_name": "Zeros", "config": {}}, "kernel_regularizer": null, "bias_regularizer": null, "activity_regularizer": null, "kernel_constraint": null, "bias_constraint": null}, "name": "encoded_signal", "inbound_nodes": [[["dense_enc_1", 0, 0, {}]]]}, {"class_name": "Dense", "config": {"name": "dense_dec_1", "trainable": true, "dtype": "float32", "units": 256, "activation": "sigmoid", "use_bias": true, "kernel_initializer": {"class_name": "GlorotUniform", "config": {"seed": null}}, "bias_initializer": {"class_name": "Zeros", "config": {}}, "kernel_regularizer": null, "bias_regularizer": null, "activity_regularizer": null, "kernel_constraint": null, "bias_constraint": null}, "name": "dense_dec_1", "inbound_nodes": [[["encoded_signal", 0, 0, {}]]]}, {"class_name": "Dense", "config": {"name": "dense_dec_2", "trainable": true, "dtype": "float32", "units": 512, "activation": "sigmoid", "use_bias": true, "kernel_initializer": {"class_name": "GlorotUniform", "config": {"seed": null}}, "bias_initializer": {"class_name": "Zeros", "config": {}}, "kernel_regularizer": null, "bias_regularizer": null, "activity_regularizer": null, "kernel_constraint": null, "bias_constraint": null}, "name": "dense_dec_2", "inbound_nodes": [[["dense_dec_1", 0, 0, {}]]]}, {"class_name": "Dense", "config": {"name": "reconstructed_signal", "trainable": true, "dtype": "float32", "units": 1290, "activation": "softmax", "use_bias": true, "kernel_initializer": {"class_name": "GlorotUniform", "config": {"seed": null}}, "bias_initializer": {"class_name": "Zeros", "config": {}}, "kernel_regularizer": null, "bias_regularizer": null, "activity_regularizer": null, "kernel_constraint": null, "bias_constraint": null}, "name": "reconstructed_signal", "inbound_nodes": [[["dense_dec_2", 0, 0, {}]]]}], "input_layers": [["normalized_signal", 0, 0]], "output_layers": [["reconstructed_signal", 0, 0]]}, "keras_version": "2.4.0", "backend": "tensorflow"}