,start,end,duration,round_epochs,loss,acc,val_loss,val_acc,batch_size,dropout,enc_activation,enc_dim,epochs,last_activation,lr,optimizer,weight_regulizer
0,10/02/20-120509,10/02/20-120513,4.018440008163452,100,0.2822177075287875,0.0,0.3098751992395479,0.006849315017461777,64,0.32,relu,128,100,softmax,9.01,<class 'tensorflow.python.keras.optimizer_v2.nadam.Nadam'>,
1,10/02/20-120513,10/02/20-120518,4.77300763130188,100,0.061244864411213816,0.0,0.06550136800498178,0.0,16,0.12,sigmoid,64,100,sigmoid,5.05,<class 'tensorflow.python.keras.optimizer_v2.nadam.Nadam'>,
2,10/02/20-120518,10/02/20-120521,3.849165439605713,100,0.2822414377156426,0.0,0.30986169276580416,0.006849315017461777,16,0.12,relu,32,100,softmax,0.1,<class 'tensorflow.python.keras.optimizer_v2.adam.Adam'>,
3,10/02/20-120522,10/02/20-120525,3.0613203048706055,100,0.08559617803377263,0.0,0.0806641503147883,0.0,128,0.08,sigmoid,128,100,sigmoid,6.04,<class 'tensorflow.python.keras.optimizer_v2.nadam.Nadam'>,
4,10/02/20-120525,10/02/20-120527,2.1530377864837646,100,0.2822407999459435,0.0,0.30986228585243225,0.0,256,0.16,sigmoid,32,100,softmax,1.09,<class 'tensorflow.python.keras.optimizer_v2.adam.Adam'>,
5,10/02/20-120527,10/02/20-120532,4.924363136291504,100,0.28222197925343234,0.0,0.30986908119018763,0.006849315017461777,16,0.08,relu,64,100,softmax,2.08,<class 'tensorflow.python.keras.optimizer_v2.nadam.Nadam'>,
6,10/02/20-120532,10/02/20-120534,2.2240946292877197,100,0.28221389125375185,0.0058823530562222,0.30987489223480225,0.0,256,0.2,sigmoid,64,100,softmax,9.01,<class 'tensorflow.python.keras.optimizer_v2.nadam.Nadam'>,
7,10/02/20-120534,10/02/20-120536,2.01684832572937,100,0.022193865894394763,0.0,0.024190554803569023,0.0,64,0.16,sigmoid,16,100,sigmoid,5.05,<class 'tensorflow.python.keras.optimizer_v2.adam.Adam'>,
8,10/02/20-120536,10/02/20-120541,4.923758506774902,100,0.28221671125468084,0.0,0.30987515392368786,0.006849315017461777,16,0.2,relu,128,100,softmax,9.01,<class 'tensorflow.python.keras.optimizer_v2.adam.Adam'>,
9,10/02/20-120541,10/02/20-120544,2.6801722049713135,100,0.282214294461643,0.0029411765281111,0.3098770702538425,0.0,64,0.12,sigmoid,32,100,softmax,8.020000000000001,<class 'tensorflow.python.keras.optimizer_v2.nadam.Nadam'>,
10,10/02/20-120544,10/02/20-120548,3.6891329288482666,100,0.2822168206467348,0.0,0.30987459502808035,0.006849315017461777,16,0.04,relu,32,100,softmax,9.01,<class 'tensorflow.python.keras.optimizer_v2.adam.Adam'>,
11,10/02/20-120548,10/02/20-120555,7.251542806625366,100,0.2822163385503432,0.0,0.30987402388494306,0.006849315017461777,16,0.04,relu,128,100,softmax,4.0600000000000005,<class 'tensorflow.python.keras.optimizer_v2.nadam.Nadam'>,
