{"class_name": "Functional", "config": {"name": "functional_1", "layers": [{"class_name": "InputLayer", "config": {"batch_input_shape": [null, 1290], "dtype": "float32", "sparse": false, "ragged": false, "name": "input"}, "name": "input", "inbound_nodes": []}, {"class_name": "Dense", "config": {"name": "encoded", "trainable": true, "dtype": "float32", "units": 64, "activation": "sigmoid", "use_bias": true, "kernel_initializer": {"class_name": "GlorotUniform", "config": {"seed": null}}, "bias_initializer": {"class_name": "Zeros", "config": {}}, "kernel_regularizer": null, "bias_regularizer": null, "activity_regularizer": null, "kernel_constraint": null, "bias_constraint": null}, "name": "encoded", "inbound_nodes": [[["input", 0, 0, {}]]]}, {"class_name": "Reshape", "config": {"name": "reshape", "trainable": true, "batch_input_shape": [null, null, 64], "dtype": "float32", "target_shape": [-1, 1]}, "name": "reshape", "inbound_nodes": [[["encoded", 0, 0, {}]]]}, {"class_name": "Conv1D", "config": {"name": "conv1d", "trainable": true, "dtype": "float32", "filters": 16, "kernel_size": [24], "strides": [1], "padding": "valid", "data_format": "channels_last", "dilation_rate": [1], "groups": 1, "activation": "relu", "use_bias": true, "kernel_initializer": {"class_name": "GlorotUniform", "config": {"seed": null}}, "bias_initializer": {"class_name": "Zeros", "config": {}}, "kernel_regularizer": null, "bias_regularizer": null, "activity_regularizer": null, "kernel_constraint": null, "bias_constraint": null}, "name": "conv1d", "inbound_nodes": [[["reshape", 0, 0, {}]]]}, {"class_name": "Dropout", "config": {"name": "dropout", "trainable": true, "dtype": "float32", "rate": 0.36, "noise_shape": null, "seed": null}, "name": "dropout", "inbound_nodes": [[["conv1d", 0, 0, {}]]]}, {"class_name": "MaxPooling1D", "config": {"name": "max_pooling1d", "trainable": true, "dtype": "float32", "strides": [2], "pool_size": [2], "padding": "valid", "data_format": "channels_last"}, "name": "max_pooling1d", "inbound_nodes": [[["dropout", 0, 0, {}]]]}, {"class_name": "Conv1D", "config": {"name": "conv1d_1", "trainable": true, "dtype": "float32", "filters": 16, "kernel_size": [24], "strides": [1], "padding": "same", "data_format": "channels_last", "dilation_rate": [1], "groups": 1, "activation": "relu", "use_bias": true, "kernel_initializer": {"class_name": "GlorotUniform", "config": {"seed": null}}, "bias_initializer": {"class_name": "Zeros", "config": {}}, "kernel_regularizer": null, "bias_regularizer": null, "activity_regularizer": null, "kernel_constraint": null, "bias_constraint": null}, "name": "conv1d_1", "inbound_nodes": [[["max_pooling1d", 0, 0, {}]]]}, {"class_name": "MaxPooling1D", "config": {"name": "max_pooling1d_1", "trainable": true, "dtype": "float32", "strides": [2], "pool_size": [2], "padding": "valid", "data_format": "channels_last"}, "name": "max_pooling1d_1", "inbound_nodes": [[["conv1d_1", 0, 0, {}]]]}, {"class_name": "LSTM", "config": {"name": "lstm", "trainable": true, "dtype": "float32", "return_sequences": false, "return_state": false, "go_backwards": false, "stateful": false, "unroll": false, "time_major": false, "units": 24, "activation": "sigmoid", "recurrent_activation": "sigmoid", "use_bias": true, "kernel_initializer": {"class_name": "GlorotUniform", "config": {"seed": null}}, "recurrent_initializer": {"class_name": "Orthogonal", "config": {"gain": 1.0, "seed": null}}, "bias_initializer": {"class_name": "Zeros", "config": {}}, "unit_forget_bias": true, "kernel_regularizer": null, "recurrent_regularizer": null, "bias_regularizer": null, "activity_regularizer": null, "kernel_constraint": null, "recurrent_constraint": null, "bias_constraint": null, "dropout": 0.0, "recurrent_dropout": 0.0, "implementation": 2}, "name": "lstm", "inbound_nodes": [[["max_pooling1d_1", 0, 0, {}]]]}, {"class_name": "Dense", "config": {"name": "dense", "trainable": true, "dtype": "float32", "units": 1, "activation": "sigmoid", "use_bias": true, "kernel_initializer": {"class_name": "GlorotUniform", "config": {"seed": null}}, "bias_initializer": {"class_name": "Zeros", "config": {}}, "kernel_regularizer": null, "bias_regularizer": null, "activity_regularizer": null, "kernel_constraint": null, "bias_constraint": null}, "name": "dense", "inbound_nodes": [[["lstm", 0, 0, {}]]]}], "input_layers": [["input", 0, 0]], "output_layers": [["dense", 0, 0]]}, "keras_version": "2.4.0", "backend": "tensorflow"}